Workbook

Sheet GLOBAL
A1: SYNOPTIQUE DES DEPENSES EN DATE DU | E1: =TODAY() -> 45974
A2: Plaque | B2: Code | C2: Pièce de rechange | D2: Consommables | E2: Docs Admin | F2: TOTAL
C3: =SUM(C4:C33) -> 32000 | D3: =SUM(D4:D33) -> 56000 | E3: =SUM(E4:E33) -> 325000 | F3: =SUM(F4:F33) -> 413000
A4: ='V1'!C1 -> 0 | B4: V1 | C4: ='V1'!C8 -> 32000 | D4: ='V1'!E8 -> 56000 | E4: ='V1'!G8 -> 325000 | F4: =SUM(C4:E4) -> 413000
A5: ='V2'!C1 -> 0 | B5: V2 | C5: ='V2'!C8 -> 0 | D5: ='V2'!E8 -> 0 | E5: ='V2'!G8 -> 0 | F5: =SUM(C5:E5) -> 0
A6: ='V3'!C1 -> 0 | B6: V3 | C6: ='V3'!C8 -> 0 | D6: ='V3'!E8 -> 0 | E6: ='V3'!G8 -> 0 | F6: =SUM(C6:E6) -> 0
A7: ='V4'!C1 -> 0 | B7: V4 | C7: ='V4'!C8 -> 0 | D7: ='V4'!E8 -> 0 | E7: ='V4'!G8 -> 0 | F7: =SUM(C7:E7) -> 0
A8: ='V5'!C1 -> 0 | B8: V5 | C8: ='V5'!C8 -> 0 | D8: ='V5'!E8 -> 0 | E8: ='V5'!G8 -> 0 | F8: =SUM(C8:E8) -> 0
A9: ='V6'!C1 -> 0 | B9: V6 | C9: ='V6'!C8 -> 0 | D9: ='V6'!E8 -> 0 | E9: ='V6'!G8 -> 0 | F9: =SUM(C9:E9) -> 0
A10: ='V7'!C1 -> 0 | B10: V7 | C10: ='V7'!C8 -> 0 | D10: ='V7'!E8 -> 0 | E10: ='V7'!G8 -> 0 | F10: =SUM(C10:E10) -> 0
A11: ='V8'!C1 -> 0 | B11: V8 | C11: ='V8'!C8 -> 0 | D11: ='V8'!E8 -> 0 | E11: ='V8'!G8 -> 0 | F11: =SUM(C11:E11) -> 0
A12: ='V9'!C1 -> 0 | B12: V9 | C12: ='V9'!C8 -> 0 | D12: ='V9'!E8 -> 0 | E12: ='V9'!G8 -> 0 | F12: =SUM(C12:E12) -> 0
A13: ='V10'!C1 -> 0 | B13: V10 | C13: ='V10'!C8 -> 0 | D13: ='V10'!E8 -> 0 | E13: ='V10'!G8 -> 0 | F13: =SUM(C13:E13) -> 0
A14: ='V11'!C1 -> 0 | B14: V11 | C14: ='V11'!C8 -> 0 | D14: ='V11'!E8 -> 0 | E14: ='V11'!G8 -> 0 | F14: =SUM(C14:E14) -> 0
A15: ='V1'!C1 -> 0 | B15: V12 | C15: ='V12'!C8 -> 0 | D15: ='V12'!E8 -> 0 | E15: ='V12'!G8 -> 0 | F15: =SUM(C15:E15) -> 0
A16: ='V13'!C1 -> 0 | B16: V13 | C16: ='V13'!C8 -> 0 | D16: ='V13'!E8 -> 0 | E16: ='V13'!G8 -> 0 | F16: =SUM(C16:E16) -> 0
A17: ='V14'!C1 -> 0 | B17: V14 | C17: ='V14'!C8 -> 0 | D17: ='V14'!E8 -> 0 | E17: ='V14'!G8 -> 0 | F17: =SUM(C17:E17) -> 0
A18: ='V15'!C1 -> 0 | B18: V15 | C18: ='V15'!C8 -> 0 | D18: ='V15'!E8 -> 0 | E18: ='V15'!G8 -> 0 | F18: =SUM(C18:E18) -> 0
A19: ='V16'!C1 -> 0 | B19: V16 | C19: ='V16'!C8 -> 0 | D19: ='V16'!E8 -> 0 | E19: ='V16'!G8 -> 0 | F19: =SUM(C19:E19) -> 0
A20: ='V17'!C1 -> 0 | B20: V17 | C20: ='V17'!C8 -> 0 | D20: ='V17'!E8 -> 0 | E20: ='V17'!G8 -> 0 | F20: =SUM(C20:E20) -> 0
A21: ='V18'!C1 -> 0 | B21: V18 | C21: ='V18'!C8 -> 0 | D21: ='V18'!E8 -> 0 | E21: ='V18'!G8 -> 0 | F21: =SUM(C21:E21) -> 0
A22: ='V19'!C1 -> 0 | B22: V19 | C22: ='V19'!C8 -> 0 | D22: ='V19'!E8 -> 0 | E22: ='V19'!G8 -> 0 | F22: =SUM(C22:E22) -> 0
A23: ='V20'!C1 -> 0 | B23: V20 | C23: ='V20'!C8 -> 0 | D23: ='V20'!E8 -> 0 | E23: ='V20'!G8 -> 0 | F23: =SUM(C23:E23) -> 0
A24: ='V21'!C1 -> 0 | B24: V21 | C24: ='V21'!C8 -> 0 | D24: ='V21'!E8 -> 0 | E24: ='V21'!G8 -> 0 | F24: =SUM(C24:E24) -> 0
A25: ='V22'!C1 -> 0 | B25: V22 | C25: ='V22'!C8 -> 0 | D25: ='V22'!E8 -> 0 | E25: ='V22'!G8 -> 0 | F25: =SUM(C25:E25) -> 0
A26: ='V23'!C1 -> 0 | B26: V23 | C26: ='V23'!C8 -> 0 | D26: ='V23'!E8 -> 0 | E26: ='V23'!G8 -> 0 | F26: =SUM(C26:E26) -> 0
A27: ='V24'!C1 -> 0 | B27: V24 | C27: ='V24'!C8 -> 0 | D27: ='V24'!E8 -> 0 | E27: ='V24'!G8 -> 0 | F27: =SUM(C27:E27) -> 0
A28: ='V25'!C1 -> 0 | B28: V25 | C28: ='V25'!C8 -> 0 | D28: ='V25'!E8 -> 0 | E28: ='V25'!G8 -> 0 | F28: =SUM(C28:E28) -> 0
A29: ='V26'!C1 -> 0 | B29: V26 | C29: ='V26'!C8 -> 0 | D29: ='V26'!E8 -> 0 | E29: ='V26'!G8 -> 0 | F29: =SUM(C29:E29) -> 0
A30: ='V27'!C1 -> 0 | B30: V27 | C30: ='V27'!C8 -> 0 | D30: ='V27'!E8 -> 0 | E30: ='V27'!G8 -> 0 | F30: =SUM(C30:E30) -> 0
A31: ='V28'!C1 -> 0 | B31: V28 | C31: ='V28'!C8 -> 0 | D31: ='V28'!E8 -> 0 | E31: ='V28'!G8 -> 0 | F31: =SUM(C31:E31) -> 0
A32: ='V29'!C1 -> 0 | B32: V29 | C32: ='V29'!C8 -> 0 | D32: ='V29'!E8 -> 0 | E32: ='V29'!G8 -> 0 | F32: =SUM(C32:E32) -> 0
A33: ='V30'!C1 -> 0 | B33: V30 | C33: ='V30'!C8 -> 0 | D33: ='V30'!E8 -> 0 | E33: ='V30'!G8 -> 0 | F33: =SUM(C33:E33) -> 0

Sheet BUREAU
A1: Dépenses Administratives et Opérationnelles du BUREAU | I1: Retour au GLOBAL
A4: Date | B4: Charges mensuelles fixes | C4: Montant | D4: Charges mensuelles variables | E4: Montant | F4: Charges Opérationnelles | G4: Montant | H4: Observation
B5: =SUM(C6:C147) -> 0 | D5: =SUM(E6:E147) -> 0 | F5: =SUM(G6:G147) -> 0

Sheet V1
A1: Plaque Du Tuc Tuc : | J1: Retour au GLOBAL
A2: Code dt Tuc Tuc :
A3: Date de 1ère mise en circulation :
A4: Numéro de téléphone :
A5: Nom du chauffeur :
A7: Date | B7: Index Km | C7: Pièce de rechange | D7: Montant | E7: Consommables | F7: Montant | G7: Docs Admin | H7: Montant | I7: Observation
C8: =SUM(D9:D150) -> 32000 | E8: =SUM(F9:F150) -> 56000 | G8: =SUM(H9:H150) -> 325000
D9: 32000
F10: 56000
H13: 325000

Sheet V2
A1: Plaque Du Tuc Tuc : | J1: Retour au GLOBAL
A2: Code dt Tuc Tuc :
A3: Date de 1ère mise en circulation :
A4: Numéro de téléphone :
A5: Nom du chauffeur :
A7: Date | B7: Index Km | C7: Pièce de rechange | D7: Montant | E7: Consommables | F7: Montant | G7: Docs Admin | H7: Montant | I7: Observation
C8: =SUM(D9:D150) -> 0 | E8: =SUM(F9:F150) -> 0 | G8: =SUM(H9:H150) -> 0

Sheet V3
A1: Plaque Du Tuc Tuc : | J1: Retour au GLOBAL
A2: Code dt Tuc Tuc :
A3: Date de 1ère mise en circulation :
A4: Numéro de téléphone :
A5: Nom du chauffeur :
A7: Date | B7: Index Km | C7: Pièce de rechange | D7: Montant | E7: Consommables | F7: Montant | G7: Docs Admin | H7: Montant | I7: Observation
C8: =SUM(D9:D150) -> 0 | E8: =SUM(F9:F150) -> 0 | G8: =SUM(H9:H150) -> 0

Sheet V4
A1: Plaque Du Tuc Tuc : | J1: Retour au GLOBAL
A2: Code dt Tuc Tuc :
A3: Date de 1ère mise en circulation :
A4: Numéro de téléphone :
A5: Nom du chauffeur :
A7: Date | B7: Index Km | C7: Pièce de rechange | D7: Montant | E7: Consommables | F7: Montant | G7: Docs Admin | H7: Montant | I7: Observation
C8: =SUM(D9:D150) -> 0 | E8: =SUM(F9:F150) -> 0 | G8: =SUM(H9:H150) -> 0

Sheet V5
A1: Plaque Du Tuc Tuc : | J1: Retour au GLOBAL
A2: Code dt Tuc Tuc :
A3: Date de 1ère mise en circulation :
A4: Numéro de téléphone :
A5: Nom du chauffeur :
A7: Date | B7: Index Km | C7: Pièce de rechange | D7: Montant | E7: Consommables | F7: Montant | G7: Docs Admin | H7: Montant | I7: Observation
C8: =SUM(D9:D150) -> 0 | E8: =SUM(F9:F150) -> 0 | G8: =SUM(H9:H150) -> 0

Sheet V6
A1: Plaque Du Tuc Tuc : | J1: Retour au GLOBAL
A2: Code dt Tuc Tuc :
A3: Date de 1ère mise en circulation :
A4: Numéro de téléphone :
A5: Nom du chauffeur :
A7: Date | B7: Index Km | C7: Pièce de rechange | D7: Montant | E7: Consommables | F7: Montant | G7: Docs Admin | H7: Montant | I7: Observation
C8: =SUM(D9:D150) -> 0 | E8: =SUM(F9:F150) -> 0 | G8: =SUM(H9:H150) -> 0

Sheet V7
A1: Plaque Du Tuc Tuc : | J1: Retour au GLOBAL
A2: Code dt Tuc Tuc :
A3: Date de 1ère mise en circulation :
A4: Numéro de téléphone :
A5: Nom du chauffeur :
A7: Date | B7: Index Km | C7: Pièce de rechange | D7: Montant | E7: Consommables | F7: Montant | G7: Docs Admin | H7: Montant | I7: Observation
C8: =SUM(D9:D150) -> 0 | E8: =SUM(F9:F150) -> 0 | G8: =SUM(H9:H150) -> 0

Sheet V8
A1: Plaque Du Tuc Tuc : | J1: Retour au GLOBAL
A2: Code dt Tuc Tuc :
A3: Date de 1ère mise en circulation :
A4: Numéro de téléphone :
A5: Nom du chauffeur :
A7: Date | B7: Index Km | C7: Pièce de rechange | D7: Montant | E7: Consommables | F7: Montant | G7: Docs Admin | H7: Montant | I7: Observation
C8: =SUM(D9:D150) -> 0 | E8: =SUM(F9:F150) -> 0 | G8: =SUM(H9:H150) -> 0

Sheet V9
A1: Plaque Du Tuc Tuc : | J1: Retour au GLOBAL
A2: Code dt Tuc Tuc :
A3: Date de 1ère mise en circulation :
A4: Numéro de téléphone :
A5: Nom du chauffeur :
A7: Date | B7: Index Km | C7: Pièce de rechange | D7: Montant | E7: Consommables | F7: Montant | G7: Docs Admin | H7: Montant | I7: Observation
C8: =SUM(D9:D150) -> 0 | E8: =SUM(F9:F150) -> 0 | G8: =SUM(H9:H150) -> 0

Sheet V10
A1: Plaque Du Tuc Tuc : | J1: Retour au GLOBAL
A2: Code dt Tuc Tuc :
A3: Date de 1ère mise en circulation :
A4: Numéro de téléphone :
A5: Nom du chauffeur :
A7: Date | B7: Index Km | C7: Pièce de rechange | D7: Montant | E7: Consommables | F7: Montant | G7: Docs Admin | H7: Montant | I7: Observation
C8: =SUM(D9:D150) -> 0 | E8: =SUM(F9:F150) -> 0 | G8: =SUM(H9:H150) -> 0

Sheet V11
A1: Plaque Du Tuc Tuc : | J1: Retour au GLOBAL
A2: Code dt Tuc Tuc :
A3: Date de 1ère mise en circulation :
A4: Numéro de téléphone :
A5: Nom du chauffeur :
A7: Date | B7: Index Km | C7: Pièce de rechange | D7: Montant | E7: Consommables | F7: Montant | G7: Docs Admin | H7: Montant | I7: Observation
C8: =SUM(D9:D150) -> 0 | E8: =SUM(F9:F150) -> 0 | G8: =SUM(H9:H150) -> 0

Sheet V12
A1: Plaque Du Tuc Tuc : | J1: Retour au GLOBAL
A2: Code dt Tuc Tuc :
A3: Date de 1ère mise en circulation :
A4: Numéro de téléphone :
A5: Nom du chauffeur :
A7: Date | B7: Index Km | C7: Pièce de rechange | D7: Montant | E7: Consommables | F7: Montant | G7: Docs Admin | H7: Montant | I7: Observation
C8: =SUM(D9:D150) -> 0 | E8: =SUM(F9:F150) -> 0 | G8: =SUM(H9:H150) -> 0

Sheet V13
A1: Plaque Du Tuc Tuc : | J1: Retour au GLOBAL
A2: Code dt Tuc Tuc :
A3: Date de 1ère mise en circulation :
A4: Numéro de téléphone :
A5: Nom du chauffeur :
A7: Date | B7: Index Km | C7: Pièce de rechange | D7: Montant | E7: Consommables | F7: Montant | G7: Docs Admin | H7: Montant | I7: Observation
C8: =SUM(D9:D150) -> 0 | E8: =SUM(F9:F150) -> 0 | G8: =SUM(H9:H150) -> 0

Sheet V14
A1: Plaque Du Tuc Tuc : | J1: Retour au GLOBAL
A2: Code dt Tuc Tuc :
A3: Date de 1ère mise en circulation :
A4: Numéro de téléphone :
A5: Nom du chauffeur :
A7: Date | B7: Index Km | C7: Pièce de rechange | D7: Montant | E7: Consommables | F7: Montant | G7: Docs Admin | H7: Montant | I7: Observation
C8: =SUM(D9:D150) -> 0 | E8: =SUM(F9:F150) -> 0 | G8: =SUM(H9:H150) -> 0

Sheet V15
A1: Plaque Du Tuc Tuc : | J1: Retour au GLOBAL
A2: Code dt Tuc Tuc :
A3: Date de 1ère mise en circulation :
A4: Numéro de téléphone :
A5: Nom du chauffeur :
A7: Date | B7: Index Km | C7: Pièce de rechange | D7: Montant | E7: Consommables | F7: Montant | G7: Docs Admin | H7: Montant | I7: Observation
C8: =SUM(D9:D150) -> 0 | E8: =SUM(F9:F150) -> 0 | G8: =SUM(H9:H150) -> 0

Sheet V16
A1: Plaque Du Tuc Tuc : | J1: Retour au GLOBAL
A2: Code dt Tuc Tuc :
A3: Date de 1ère mise en circulation :
A4: Numéro de téléphone :
A5: Nom du chauffeur :
A7: Date | B7: Index Km | C7: Pièce de rechange | D7: Montant | E7: Consommables | F7: Montant | G7: Docs Admin | H7: Montant | I7: Observation
C8: =SUM(D9:D150) -> 0 | E8: =SUM(F9:F150) -> 0 | G8: =SUM(H9:H150) -> 0

Sheet V17
A1: Plaque Du Tuc Tuc : | J1: Retour au GLOBAL
A2: Code dt Tuc Tuc :
A3: Date de 1ère mise en circulation :
A4: Numéro de téléphone :
A5: Nom du chauffeur :
A7: Date | B7: Index Km | C7: Pièce de rechange | D7: Montant | E7: Consommables | F7: Montant | G7: Docs Admin | H7: Montant | I7: Observation
C8: =SUM(D9:D150) -> 0 | E8: =SUM(F9:F150) -> 0 | G8: =SUM(H9:H150) -> 0

Sheet V18
A1: Plaque Du Tuc Tuc : | J1: Retour au GLOBAL
A2: Code dt Tuc Tuc :
A3: Date de 1ère mise en circulation :
A4: Numéro de téléphone :
A5: Nom du chauffeur :
A7: Date | B7: Index Km | C7: Pièce de rechange | D7: Montant | E7: Consommables | F7: Montant | G7: Docs Admin | H7: Montant | I7: Observation
C8: =SUM(D9:D150) -> 0 | E8: =SUM(F9:F150) -> 0 | G8: =SUM(H9:H150) -> 0

Sheet V19
A1: Plaque Du Tuc Tuc : | J1: Retour au GLOBAL
A2: Code dt Tuc Tuc :
A3: Date de 1ère mise en circulation :
A4: Numéro de téléphone :
A5: Nom du chauffeur :
A7: Date | B7: Index Km | C7: Pièce de rechange | D7: Montant | E7: Consommables | F7: Montant | G7: Docs Admin | H7: Montant | I7: Observation
C8: =SUM(D9:D150) -> 0 | E8: =SUM(F9:F150) -> 0 | G8: =SUM(H9:H150) -> 0

Sheet V20
A1: Plaque Du Tuc Tuc : | J1: Retour au GLOBAL
A2: Code dt Tuc Tuc :
A3: Date de 1ère mise en circulation :
A4: Numéro de téléphone :
A5: Nom du chauffeur :
A7: Date | B7: Index Km | C7: Pièce de rechange | D7: Montant | E7: Consommables | F7: Montant | G7: Docs Admin | H7: Montant | I7: Observation
C8: =SUM(D9:D150) -> 0 | E8: =SUM(F9:F150) -> 0 | G8: =SUM(H9:H150) -> 0

Sheet V21
A1: Plaque Du Tuc Tuc : | J1: Retour au GLOBAL
A2: Code dt Tuc Tuc :
A3: Date de 1ère mise en circulation :
A4: Numéro de téléphone :
A5: Nom du chauffeur :
A7: Date | B7: Index Km | C7: Pièce de rechange | D7: Montant | E7: Consommables | F7: Montant | G7: Docs Admin | H7: Montant | I7: Observation
C8: =SUM(D9:D150) -> 0 | E8: =SUM(F9:F150) -> 0 | G8: =SUM(H9:H150) -> 0

Sheet V22
A1: Plaque Du Tuc Tuc : | J1: Retour au GLOBAL
A2: Code dt Tuc Tuc :
A3: Date de 1ère mise en circulation :
A4: Numéro de téléphone :
A5: Nom du chauffeur :
A7: Date | B7: Index Km | C7: Pièce de rechange | D7: Montant | E7: Consommables | F7: Montant | G7: Docs Admin | H7: Montant | I7: Observation
C8: =SUM(D9:D150) -> 0 | E8: =SUM(F9:F150) -> 0 | G8: =SUM(H9:H150) -> 0

Sheet V23
A1: Plaque Du Tuc Tuc : | J1: Retour au GLOBAL
A2: Code dt Tuc Tuc :
A3: Date de 1ère mise en circulation :
A4: Numéro de téléphone :
A5: Nom du chauffeur :
A7: Date | B7: Index Km | C7: Pièce de rechange | D7: Montant | E7: Consommables | F7: Montant | G7: Docs Admin | H7: Montant | I7: Observation
C8: =SUM(D9:D150) -> 0 | E8: =SUM(F9:F150) -> 0 | G8: =SUM(H9:H150) -> 0

Sheet V24
A1: Plaque Du Tuc Tuc : | J1: Retour au GLOBAL
A2: Code dt Tuc Tuc :
A3: Date de 1ère mise en circulation :
A4: Numéro de téléphone :
A5: Nom du chauffeur :
A7: Date | B7: Index Km | C7: Pièce de rechange | D7: Montant | E7: Consommables | F7: Montant | G7: Docs Admin | H7: Montant | I7: Observation
C8: =SUM(D9:D150) -> 0 | E8: =SUM(F9:F150) -> 0 | G8: =SUM(H9:H150) -> 0

Sheet V25
A1: Plaque Du Tuc Tuc : | J1: Retour au GLOBAL
A2: Code dt Tuc Tuc :
A3: Date de 1ère mise en circulation :
A4: Numéro de téléphone :
A5: Nom du chauffeur :
A7: Date | B7: Index Km | C7: Pièce de rechange | D7: Montant | E7: Consommables | F7: Montant | G7: Docs Admin | H7: Montant | I7: Observation
C8: =SUM(D9:D150) -> 0 | E8: =SUM(F9:F150) -> 0 | G8: =SUM(H9:H150) -> 0

Sheet V26
A1: Plaque Du Tuc Tuc : | J1: Retour au GLOBAL
A2: Code dt Tuc Tuc :
A3: Date de 1ère mise en circulation :
A4: Numéro de téléphone :
A5: Nom du chauffeur :
A7: Date | B7: Index Km | C7: Pièce de rechange | D7: Montant | E7: Consommables | F7: Montant | G7: Docs Admin | H7: Montant | I7: Observation
C8: =SUM(D9:D150) -> 0 | E8: =SUM(F9:F150) -> 0 | G8: =SUM(H9:H150) -> 0

Sheet V27
A1: Plaque Du Tuc Tuc : | J1: Retour au GLOBAL
A2: Code dt Tuc Tuc :
A3: Date de 1ère mise en circulation :
A4: Numéro de téléphone :
A5: Nom du chauffeur :
A7: Date | B7: Index Km | C7: Pièce de rechange | D7: Montant | E7: Consommables | F7: Montant | G7: Docs Admin | H7: Montant | I7: Observation
C8: =SUM(D9:D150) -> 0 | E8: =SUM(F9:F150) -> 0 | G8: =SUM(H9:H150) -> 0

Sheet V28
A1: Plaque Du Tuc Tuc : | J1: Retour au GLOBAL
A2: Code dt Tuc Tuc :
A3: Date de 1ère mise en circulation :
A4: Numéro de téléphone :
A5: Nom du chauffeur :
A7: Date | B7: Index Km | C7: Pièce de rechange | D7: Montant | E7: Consommables | F7: Montant | G7: Docs Admin | H7: Montant | I7: Observation
C8: =SUM(D9:D150) -> 0 | E8: =SUM(F9:F150) -> 0 | G8: =SUM(H9:H150) -> 0

Sheet V29
A1: Plaque Du Tuc Tuc : | J1: Retour au GLOBAL
A2: Code dt Tuc Tuc :
A3: Date de 1ère mise en circulation :
A4: Numéro de téléphone :
A5: Nom du chauffeur :
A7: Date | B7: Index Km | C7: Pièce de rechange | D7: Montant | E7: Consommables | F7: Montant | G7: Docs Admin | H7: Montant | I7: Observation
C8: =SUM(D9:D150) -> 0 | E8: =SUM(F9:F150) -> 0 | G8: =SUM(H9:H150) -> 0

Sheet V30
A1: Plaque Du Tuc Tuc : | J1: Retour au GLOBAL
A2: Code dt Tuc Tuc :
A3: Date de 1ère mise en circulation :
A4: Numéro de téléphone :
A5: Nom du chauffeur :
A7: Date | B7: Index Km | C7: Pièce de rechange | D7: Montant | E7: Consommables | F7: Montant | G7: Docs Admin | H7: Montant | I7: Observation
C8: =SUM(D9:D150) -> 0 | E8: =SUM(F9:F150) -> 0 | G8: =SUM(H9:H150) -> 0
